<mujoco>
	<include file="MPL.xml"/>
	<include file="assets.xml"/>

	<worldbody>
		<geom name="jright" type="box" material="MatWood" size="0.005 0.035 0.05" pos="0.04 0 0.04"/>	
		<geom name="jleft"  type="box" material="MatWood" size="0.005 0.035 0.05" pos="-.04 0 0.04"/>	
		<geom name="jfront" type="box" material="MatWood" size="0.045 0.005 0.05" pos="0 0.04 0.04"/>	
		<geom name="jback"  type="box" material="MatWood" size="0.045 0.005 0.05" pos="0 -.04 0.04"/>	
		
		<body name="Coin0" pos="0.10 -0.05 .15">
			<geom type="cylinder" size="0.017 0.005" material="MatSquare"/>
			<joint class="free" />
		</body>
		<body name="Coin1" pos="0.15 -0.05 .15">
			<geom type="cylinder" size="0.017 0.005" material="MatSquare"/>
			<joint class="free" />
		</body>
		<body name="Coin2" pos="0.20 -0.05 .15">
			<geom type="cylinder" size="0.017 0.005" material="MatSquare"/>
			<joint class="free" />
		</body>
	</worldbody>
	
</mujoco>