﻿Participant,Wrist Values,Trial 1,Trial 2,Trial 3,Forearm values,F Trial 1,F Trial 2,F Trial 3,PW Values,PW Response,PW Subjective
Connie,1.48,1,0,0,1,0,0,0,100,0,
Connie,1.42,0,0,0,1.2,1,1,1,120,0,
Connie,1.46,0,0,0,1.11,1,1,1,140,0,
Connie,1.52,1,1,0,1.15,1,1,1,160,1,"very soft, bounce"
Connie,1.56,1,1,1,1.13,1,1,1,180,1,"stonger, Pulse like"
Connie,1.41,0,0,0,1.02,0,0,0,200,1,even stronger pulse
Connie,1.58,1,1,1,1.06,0,0,0,220,1,"quicker, ripples like pebble in water"
Connie,,,,,,,,,240,1,"expands once, quicker"
Grace,2.15,0,1,0,1.6,0,0,0,100,0,
Grace,2.19,1,0,0,1.5,0,0,0,120,0,
Grace,2.25,1,1,1,1.65,1,1,0,140,0,
Grace,2.1,1,0,1,1.67,1,1,1,160,0,
Grace,1.9,1,1,0,1.62,0,1,1,180,1,very faint buzz
Grace,1.8,1,0,0,1.58,0,0,0,200,1,"pulse, stronger, felt at base of thumb "
Grace,2.5,1,1,1,1.61,1,1,1,220,1,"faster, palm and base of thumb and electrodes"
Niharika,1.95,0,0,0,1.39,0,0,0,100,0,
Niharika,2,0,0,0,1.55,1,1,1,120,0,
Niharika,2.09,0,0,1,1.45,1,0,1,140,0,
Niharika,2.15,1,0,1,1.48,1,0,1,160,0,
Niharika,2.11,1,1,1,1.44,0,0,0,180,0,
Niharika,1.99,0,0,0,1.5,0,0,0,200,1,kinda faint
Niharika,2.19,1,1,1,1.6,1,1,1,220,1,little less faint
Rebecca,1.6,0,0,0,1.15,1,0,0,100,0,
Rebecca,1.75,1,0,1,1,0,0,0,120,0,
Rebecca,1.68,0,0,0,0.9,0,0,0,140,0,
Rebecca,1.7,1,0,0,1.2,1,1,1,160,1,"really faint, under both electrodes, just barely felt"
Rebecca,1.69,0,1,0,1.19,1,1,1,180,1,"little bit stronger and faster, under ulnar electrode more"
Rebecca,1.71,0,0,1,1.16,0,0,0,200,1,"tapping, little bit stronger, more consistent feeling under both electrodes"
Rebecca,1.73,1,1,1,1.17,1,1,1,220,1,"stronger & faster, equally under both electrodes"
Rebecca,,,,,,,,,240,1,stronger and faster 